exp,Posx,Posy,Posz,Range,R,G,B,A
type,float,float,float,float,float,float,float,float
data,-0.986315,5,2.63013,49.4322,0,1,0,1.64244
data,1.47182,5,1.78939,70.5843,0,1,0,6.19525
data,0,10,0,100,0.0892374,0.118072,0.162791,5
data,-3,5,0,50,0.460878,0.564913,0.950166,5
data,9,1,-4,16,0.699748,0.750831,0.082317,10