exp,Posx,Posy,Posz,Range,R,G,B,A
type,float,float,float,float,float,float,float,float
data,1.47182,5,1.78939,70.5843,0,1,0,6.19525
data,0,10,0,100,0.0892374,0.118072,0.162791,5
data,-3,5,0,50,0.460878,0.564913,0.950166,5
data,3,4,-5,10,0.853821,0.805052,0.266642,20
data,4,1,1,20,0.900332,0.843689,0.218353,5